Source,Target,Type,Id,Label,timeset,Weight
foonetic,isotope,Undirected,0,1,,1
foonetic/#xkcd,isotope,Undirected,1,1,,1
economics,singularity,Undirected,2,1,,1
zionism,autonomous,Undirected,3,1,,1
ecoterrorism,elf,Undirected,4,1,,1
ecoterrorism,political,Undirected,5,1,,1
ecoterrorism,front,Undirected,6,1,,1
ecoterrorism,unread,Undirected,7,1,,1
ecoterrorism,sabotage,Undirected,8,1,,1
ecoterrorism,future,Undirected,9,1,,1
ecoterrorism,anonymous,Undirected,10,1,,1
ecoterrorism,environment,Undirected,11,1,,1
ecoterrorism,misc,Undirected,12,1,,1
ecoterrorism,technology,Undirected,13,1,,1
ecoterrorism,terrorist,Undirected,14,1,,1
ecoterrorism,terrorists,Undirected,15,1,,1
ecoterrorism,liberation,Undirected,16,1,,1
ecoterrorism,wiki,Undirected,17,1,,1
ecoterrorism,singularity,Undirected,18,1,,1
ecoterrorism,wikipedia,Undirected,19,1,,1
ecoterrorism,guerilla,Undirected,20,1,,1
ecoterrorism,guerrilla,Undirected,21,1,,1
ecoterrorism,autonomous,Undirected,22,1,,1
ecoterrorism,activism,Undirected,23,1,,1
ecoterrorism,counterterrorism,Undirected,24,1,,1
ecoterrorism,isotope,Undirected,25,1,,1
ecoterrorism,earth,Undirected,26,1,,1
ecoterrorism,economic,Undirected,27,1,,1
!todo,counterterrorism,Undirected,28,1,,1
jar,autonomous,Undirected,29,1,,1
revolution,terrorist,Undirected,30,1,,1
revolution,guerilla,Undirected,31,1,,1
speedterritorycommunication,singularity,Undirected,32,1,,1
cult,singularity,Undirected,33,1,,1
chemistry,isotope,Undirected,34,2,,2
pio,liberation,Undirected,35,1,,1
heroes,terrorist,Undirected,36,1,,1
culture,terrorist,Undirected,37,1,,1
culture,singularity,Undirected,38,2,,2
culture,guerilla,Undirected,39,1,,1
culture,counterterrorism,Undirected,40,1,,1
turundus,guerilla,Undirected,41,1,,1
spirituality,singularity,Undirected,42,2,,2
network,autonomous,Undirected,43,1,,1
tuumajama,isotope,Undirected,44,1,,1
#afterdarkclub,singularity,Undirected,45,1,,1
education,terrorist,Undirected,46,1,,1
networking,autonomous,Undirected,47,1,,1
#lawn,singularity,Undirected,48,1,,1
fortran,elf,Undirected,49,1,,1
fortran:90,elf,Undirected,50,1,,1
neuralnetworks,autonomous,Undirected,51,1,,1
best,singularity,Undirected,52,1,,1
jew,autonomous,Undirected,53,1,,1
bestest,singularity,Undirected,54,1,,1
marketing,guerilla,Undirected,55,1,,1
jewish,autonomous,Undirected,56,1,,1
jewisharabconflict,liberation,Undirected,57,1,,1
jews,autonomous,Undirected,58,1,,1
plants,guerilla,Undirected,59,1,,1
plants,guerrilla,Undirected,60,1,,1
robot,autonomous,Undirected,61,1,,1
robotics,autonomous,Undirected,62,1,,1
new_left,terrorist,Undirected,63,1,,1
fpc,elf,Undirected,64,1,,1
cyberpunk,singularity,Undirected,65,1,,1
cyborg,singularity,Undirected,66,1,,1
cyborgs,singularity,Undirected,67,1,,1
bible,singularity,Undirected,68,1,,1
christianity,singularity,Undirected,69,1,,1
stability,isotope,Undirected,70,1,,1
plo,liberation,Undirected,71,1,,1
stalin,autonomous,Undirected,72,1,,1
ucp,terrorist,Undirected,73,1,,1
ucp,terrorists,Undirected,74,1,,1
history,terrorist,Undirected,75,4,,4
history,terrorists,Undirected,76,1,,1
history,guerilla,Undirected,77,1,,1
history,autonomous,Undirected,78,1,,1
history,counterterrorism,Undirected,79,1,,1
newthing,isotope,Undirected,80,1,,1
**readlater,singularity,Undirected,81,1,,1
cia,counterterrorism,Undirected,82,1,,1
freedom,singularity,Undirected,83,1,,1
point,singularity,Undirected,84,1,,1
bin,terrorist,Undirected,85,1,,1
america,terrorist,Undirected,86,1,,1
america,counterterrorism,Undirected,87,1,,1
american,terrorist,Undirected,88,1,,1
american,guerilla,Undirected,89,1,,1
hn_links,guerilla,Undirected,90,1,,1
elements,isotope,Undirected,91,1,,1
mathematics,isotope,Undirected,92,1,,1
judaism,autonomous,Undirected,93,1,,1
elf,political,Undirected,94,1,,1
elf,front,Undirected,95,1,,1
elf,unread,Undirected,96,1,,1
elf,sabotage,Undirected,97,1,,1
elf,future,Undirected,98,1,,1
elf,debug,Undirected,99,1,,1
elf,debugging,Undirected,100,1,,1
elf,anonymous,Undirected,101,1,,1
elf,environment,Undirected,102,1,,1
elf,gcc,Undirected,103,1,,1
elf,programming,Undirected,104,1,,1
elf,development,Undirected,105,1,,1
elf,misc,Undirected,106,1,,1
elf,compiler,Undirected,107,1,,1
elf,technology,Undirected,108,1,,1
elf,terrorist,Undirected,109,1,,1
elf,terrorists,Undirected,110,1,,1
elf,liberation,Undirected,111,1,,1
elf,c++,Undirected,112,1,,1
elf,wiki,Undirected,113,1,,1
elf,linkersandloaders,Undirected,114,1,,1
elf,linux,Undirected,115,1,,1
elf,singularity,Undirected,116,1,,1
elf,wikipedia,Undirected,117,1,,1
elf,guerilla,Undirected,118,1,,1
elf,guerrilla,Undirected,119,1,,1
elf,autonomous,Undirected,120,1,,1
elf,activism,Undirected,121,1,,1
elf,file_formats,Undirected,122,1,,1
elf,counterterrorism,Undirected,123,1,,1
elf,work,Undirected,124,1,,1
elf,dwarf,Undirected,125,1,,1
elf,isotope,Undirected,126,1,,1
elf,earth,Undirected,127,1,,1
elf,economic,Undirected,128,1,,1
biodiversity,guerilla,Undirected,129,1,,1
biodiversity,guerrilla,Undirected,130,1,,1
rpm,autonomous,Undirected,131,1,,1
political,front,Undirected,132,1,,1
political,sabotage,Undirected,133,1,,1
political,terrorist,Undirected,134,1,,1
political,terrorists,Undirected,135,1,,1
political,liberation,Undirected,136,1,,1
political,singularity,Undirected,137,1,,1
political,guerilla,Undirected,138,1,,1
political,guerrilla,Undirected,139,1,,1
political,autonomous,Undirected,140,1,,1
political,counterterrorism,Undirected,141,1,,1
political,isotope,Undirected,142,1,,1
matrix,singularity,Undirected,143,1,,1
political-terms,sabotage,Undirected,144,1,,1
biography,terrorist,Undirected,145,1,,1
darpa,autonomous,Undirected,146,1,,1
politics,sabotage,Undirected,147,1,,1
politics,terrorist,Undirected,148,2,,2
politics,singularity,Undirected,149,1,,1
politics,guerilla,Undirected,150,2,,2
politics,guerrilla,Undirected,151,1,,1
politics,autonomous,Undirected,152,1,,1
politics,counterterrorism,Undirected,153,1,,1
cities,guerilla,Undirected,154,1,,1
cities,guerrilla,Undirected,155,1,,1
stim,singularity,Undirected,156,1,,1
front,unread,Undirected,157,1,,1
front,sabotage,Undirected,158,1,,1
front,future,Undirected,159,1,,1
front,anonymous,Undirected,160,1,,1
front,environment,Undirected,161,1,,1
front,misc,Undirected,162,1,,1
front,technology,Undirected,163,1,,1
front,terrorist,Undirected,164,1,,1
front,terrorists,Undirected,165,1,,1
front,liberation,Undirected,166,1,,1
front,wiki,Undirected,167,1,,1
front,singularity,Undirected,168,1,,1
front,wikipedia,Undirected,169,1,,1
front,guerilla,Undirected,170,1,,1
front,guerrilla,Undirected,171,1,,1
front,autonomous,Undirected,172,1,,1
front,activism,Undirected,173,1,,1
front,counterterrorism,Undirected,174,1,,1
front,isotope,Undirected,175,1,,1
front,earth,Undirected,176,1,,1
front,economic,Undirected,177,1,,1
unread,sabotage,Undirected,178,1,,1
unread,terrorist,Undirected,179,1,,1
unread,terrorists,Undirected,180,1,,1
unread,liberation,Undirected,181,1,,1
unread,singularity,Undirected,182,1,,1
unread,guerilla,Undirected,183,1,,1
unread,guerrilla,Undirected,184,1,,1
unread,autonomous,Undirected,185,1,,1
unread,counterterrorism,Undirected,186,1,,1
unread,isotope,Undirected,187,1,,1
civil-rights,counterterrorism,Undirected,188,1,,1
civil.rights,counterterrorism,Undirected,189,1,,1
civilisation,singularity,Undirected,190,1,,1
russia,autonomous,Undirected,191,1,,1
civilisations,singularity,Undirected,192,1,,1
urban,guerilla,Undirected,193,1,,1
urban,guerrilla,Undirected,194,1,,1
noosphere,singularity,Undirected,195,1,,1
anarchism,terrorist,Undirected,196,1,,1
popculture,terrorist,Undirected,197,1,,1
popculture,guerilla,Undirected,198,1,,1
anarchy,guerilla,Undirected,199,1,,1
anarchy,guerrilla,Undirected,200,1,,1
fun,singularity,Undirected,201,1,,1
sabotage,future,Undirected,202,1,,1
sabotage,subversion,Undirected,203,1,,1
sabotage,anonymous,Undirected,204,1,,1
sabotage,environment,Undirected,205,1,,1
sabotage,scifigenreresearch,Undirected,206,1,,1
sabotage,column,Undirected,207,1,,1
sabotage,military%2fscience%2fpolitics,Undirected,208,1,,1
sabotage,misc,Undirected,209,1,,1
sabotage,technology,Undirected,210,1,,1
sabotage,term,Undirected,211,1,,1
sabotage,terrorist,Undirected,212,1,,1
sabotage,terrorists,Undirected,213,1,,1
sabotage,liberation,Undirected,214,1,,1
sabotage,the,Undirected,215,1,,1
sabotage,conspiracy,Undirected,216,1,,1
sabotage,wiki,Undirected,217,1,,1
sabotage,singularity,Undirected,218,1,,1
sabotage,wikipedia,Undirected,219,1,,1
sabotage,guerilla,Undirected,220,1,,1
sabotage,guerrilla,Undirected,221,1,,1
sabotage,fiction%2fstorystuff,Undirected,222,1,,1
sabotage,autonomous,Undirected,223,1,,1
sabotage,fifth,Undirected,224,1,,1
sabotage,activism,Undirected,225,1,,1
sabotage,social,Undirected,226,1,,1
sabotage,counterterrorism,Undirected,227,1,,1
sabotage,sociology,Undirected,228,1,,1
sabotage,isotope,Undirected,229,1,,1
sabotage,earth,Undirected,230,1,,1
sabotage,economic,Undirected,231,1,,1
us,terrorist,Undirected,232,2,,2
us,guerilla,Undirected,233,1,,1
en,singularity,Undirected,234,1,,1
us-politics,terrorist,Undirected,235,1,,1
usa,terrorist,Undirected,236,3,,3
usa,guerilla,Undirected,237,1,,1
media,counterterrorism,Undirected,238,1,,1
media-art,singularity,Undirected,239,1,,1
encyclopedia,terrorist,Undirected,240,1,,1
encyclopedia,terrorists,Undirected,241,1,,1
end-times,singularity,Undirected,242,1,,1
student,singularity,Undirected,243,1,,1
end_times,singularity,Undirected,244,1,,1
future,terrorist,Undirected,245,1,,1
future,terrorists,Undirected,246,1,,1
future,liberation,Undirected,247,1,,1
future,singularity,Undirected,248,10,,10
future,guerilla,Undirected,249,1,,1
future,guerrilla,Undirected,250,1,,1
future,autonomous,Undirected,251,1,,1
future,counterterrorism,Undirected,252,1,,1
future,isotope,Undirected,253,1,,1
endoftheworld,singularity,Undirected,254,1,,1
angel,singularity,Undirected,255,1,,1
futurism,singularity,Undirected,256,6,,6
futurist,singularity,Undirected,257,2,,2
energy,singularity,Undirected,258,1,,1
energy,isotope,Undirected,259,1,,1
stupid,terrorist,Undirected,260,1,,1
stupid,guerilla,Undirected,261,1,,1
posthuman,singularity,Undirected,262,1,,1
ussr,autonomous,Undirected,263,1,,1
nuclear,isotope,Undirected,264,2,,2
engineering,autonomous,Undirected,265,1,,1
death,singularity,Undirected,266,1,,1
power,singularity,Undirected,267,1,,1
subversive,terrorist,Undirected,268,1,,1
subversive,guerilla,Undirected,269,1,,1
megastructure,singularity,Undirected,270,1,,1
english,autonomous,Undirected,271,1,,1
game,singularity,Undirected,272,1,,1
1960s,terrorist,Undirected,273,1,,1
humanity,singularity,Undirected,274,1,,1
anonymous,terrorist,Undirected,275,1,,1
anonymous,terrorists,Undirected,276,1,,1
anonymous,liberation,Undirected,277,1,,1
anonymous,singularity,Undirected,278,1,,1
anonymous,guerilla,Undirected,279,1,,1
anonymous,guerrilla,Undirected,280,1,,1
anonymous,autonomous,Undirected,281,1,,1
anonymous,counterterrorism,Undirected,282,1,,1
anonymous,isotope,Undirected,283,1,,1
1973,terrorist,Undirected,284,1,,1
1973,guerilla,Undirected,285,1,,1
sc,singularity,Undirected,286,1,,1
nyc,terrorist,Undirected,287,1,,1
games,autonomous,Undirected,288,1,,1
obama,terrorist,Undirected,289,1,,1
gametheory,autonomous,Undirected,290,1,,1
anti,guerilla,Undirected,291,1,,1
anti,guerrilla,Undirected,292,1,,1
environment,terrorist,Undirected,293,1,,1
environment,terrorists,Undirected,294,1,,1
environment,liberation,Undirected,295,1,,1
environment,singularity,Undirected,296,1,,1
environment,guerilla,Undirected,297,2,,2
environment,guerrilla,Undirected,298,2,,2
environment,autonomous,Undirected,299,1,,1
environment,counterterrorism,Undirected,300,1,,1
environment,isotope,Undirected,301,2,,2
garden,guerilla,Undirected,302,1,,1
garden,guerrilla,Undirected,303,1,,1
gardening,guerilla,Undirected,304,1,,1
gardening,guerrilla,Undirected,305,1,,1
surf,autonomous,Undirected,306,1,,1
definition,singularity,Undirected,307,1,,1
sci-fi,singularity,Undirected,308,1,,1
science,singularity,Undirected,309,7,,7
science,autonomous,Undirected,310,1,,1
science,isotope,Undirected,311,1,,1
vernor_vinge,singularity,Undirected,312,1,,1
2012,singularity,Undirected,313,1,,1
metaphysics,singularity,Undirected,314,1,,1
scifi,singularity,Undirected,315,6,,6
geek,singularity,Undirected,316,1,,1
privacy,counterterrorism,Undirected,317,1,,1
deltagreen,counterterrorism,Undirected,318,1,,1
ia,singularity,Undirected,319,1,,1
book,singularity,Undirected,320,5,,5
via%3asiggibecker.de,singularity,Undirected,321,1,,1
20thcentury,autonomous,Undirected,322,1,,1
cointelpro,counterterrorism,Undirected,323,1,,1
apocalypse,singularity,Undirected,324,1,,1
books,singularity,Undirected,325,4,,4
icekarma,isotope,Undirected,326,1,,1
books.scifi,singularity,Undirected,327,1,,1
kurzweil,singularity,Undirected,328,2,,2
depressing,counterterrorism,Undirected,329,1,,1
collapse,singularity,Undirected,330,1,,1
eschatology,singularity,Undirected,331,2,,2
genetics,singularity,Undirected,332,1,,1
2p,singularity,Undirected,333,1,,1
2read,singularity,Undirected,334,1,,1
sysadmin,autonomous,Undirected,335,1,,1
omega,singularity,Undirected,336,1,,1
omega_point,singularity,Undirected,337,1,,1
ideas,singularity,Undirected,338,1,,1
ideas,guerilla,Undirected,339,1,,1
ideas,guerrilla,Undirected,340,1,,1
omegapoint,singularity,Undirected,341,1,,1
system,autonomous,Undirected,342,1,,1
vinge,singularity,Undirected,343,1,,1
identity,singularity,Undirected,344,1,,1
violent,terrorist,Undirected,345,1,,1
violent,guerilla,Undirected,346,1,,1
laden,terrorist,Undirected,347,1,,1
virtual,singularity,Undirected,348,1,,1
middle_east,terrorist,Undirected,349,1,,1
essay,singularity,Undirected,350,1,,1
geography,autonomous,Undirected,351,1,,1
middleeast,liberation,Undirected,352,1,,1
virtual_reality,singularity,Undirected,353,1,,1
mideast,liberation,Undirected,354,1,,1
lame,singularity,Undirected,355,1,,1
virtualreality,singularity,Undirected,356,1,,1
virtualworlds,singularity,Undirected,357,1,,1
vision,autonomous,Undirected,358,1,,1
comics,singularity,Undirected,359,1,,1
mind,singularity,Undirected,360,1,,1
ethics,singularity,Undirected,361,1,,1
brain,singularity,Undirected,362,3,,3
archive,singularity,Undirected,363,1,,1
vocabulary,isotope,Undirected,364,1,,1
branding,guerilla,Undirected,365,1,,1
misc,terrorist,Undirected,366,2,,2
misc,terrorists,Undirected,367,1,,1
misc,liberation,Undirected,368,1,,1
misc,singularity,Undirected,369,1,,1
misc,guerilla,Undirected,370,1,,1
misc,guerrilla,Undirected,371,1,,1
misc,autonomous,Undirected,372,1,,1
misc,counterterrorism,Undirected,373,1,,1
misc,isotope,Undirected,374,1,,1
iml104net,singularity,Undirected,375,1,,1
immortality,singularity,Undirected,376,1,,1
events,terrorist,Undirected,377,1,,1
events,terrorists,Undirected,378,1,,1
50s,counterterrorism,Undirected,379,1,,1
import,singularity,Undirected,380,1,,1
evolution,singularity,Undirected,381,3,,3
gl,singularity,Undirected,382,1,,1
5gw,counterterrorism,Undirected,383,1,,1
art,singularity,Undirected,384,2,,2
art-bell,singularity,Undirected,385,1,,1
organisations,terrorist,Undirected,386,1,,1
organisations,guerilla,Undirected,387,1,,1
organization,liberation,Undirected,388,1,,1
learning,singularity,Undirected,389,1,,1
example,terrorist,Undirected,390,1,,1
example,terrorists,Undirected,391,1,,1
complexity,singularity,Undirected,392,1,,1
mm,singularity,Undirected,393,1,,1
war,terrorist,Undirected,394,1,,1
tech,singularity,Undirected,395,1,,1
70's,terrorist,Undirected,396,1,,1
70's,guerilla,Undirected,397,1,,1
psychology,singularity,Undirected,398,2,,2
waste,isotope,Undirected,399,1,,1
osama,terrorist,Undirected,400,1,,1
technology,terrorist,Undirected,401,1,,1
technology,terrorists,Undirected,402,1,,1
technology,liberation,Undirected,403,1,,1
technology,singularity,Undirected,404,8,,8
technology,guerilla,Undirected,405,1,,1
technology,guerrilla,Undirected,406,1,,1
technology,autonomous,Undirected,407,1,,1
technology,counterterrorism,Undirected,408,1,,1
technology,isotope,Undirected,409,1,,1
left,terrorist,Undirected,410,1,,1
left,guerilla,Undirected,411,1,,1
article,terrorist,Undirected,412,1,,1
article,terrorists,Undirected,413,1,,1
article,liberation,Undirected,414,1,,1
article,singularity,Undirected,415,6,,6
article,counterterrorism,Undirected,416,1,,1
911,terrorist,Undirected,417,1,,1
articles,singularity,Undirected,418,1,,1
computer,singularity,Undirected,419,2,,2
computer,autonomous,Undirected,420,2,,2
sf,singularity,Undirected,421,2,,2
:read,singularity,Undirected,422,1,,1
artificial,singularity,Undirected,423,1,,1
externado,liberation,Undirected,424,1,,1
dip,liberation,Undirected,425,1,,1
info,terrorist,Undirected,426,1,,1
info,terrorists,Undirected,427,1,,1
info,singularity,Undirected,428,1,,1
artscience,singularity,Undirected,429,1,,1
computing,singularity,Undirected,430,1,,1
extraordinary_people,singularity,Undirected,431,1,,1
google,singularity,Undirected,432,1,,1
business,singularity,Undirected,433,1,,1
money,singularity,Undirected,434,1,,1
arvuti,singularity,Undirected,435,1,,1
as,autonomous,Undirected,436,1,,1
terror,terrorist,Undirected,437,1,,1
terror,terrorists,Undirected,438,1,,1
terrorism,terrorist,Undirected,439,2,,2
terrorism,terrorists,Undirected,440,1,,1
terrorist,terrorists,Undirected,441,2,,2
terrorist,liberation,Undirected,442,1,,1
terrorist,facts,Undirected,443,1,,1
terrorist,cad,Undirected,444,1,,1
terrorist,wiki,Undirected,445,2,,2
terrorist,radical_left,Undirected,446,1,,1
terrorist,singularity,Undirected,447,1,,1
terrorist,wikipedia,Undirected,448,5,,5
terrorist,list,Undirected,449,1,,1
terrorist,wikipediapage,Undirected,450,1,,1
terrorist,wikipeople,Undirected,451,1,,1
terrorist,sla,Undirected,452,1,,1
terrorist,interesting,Undirected,453,1,,1
terrorist,international,Undirected,454,1,,1
terrorist,guerilla,Undirected,455,2,,2
terrorist,guerrilla,Undirected,456,1,,1
terrorist,autonomous,Undirected,457,1,,1
terrorist,with,Undirected,458,1,,1
terrorist,activism,Undirected,459,3,,3
terrorist,acts,Undirected,460,1,,1
terrorist,people,Undirected,461,2,,2
terrorist,counterterrorism,Undirected,462,1,,1
terrorist,reference,Undirected,463,2,,2
terrorist,iraq,Undirected,464,1,,1
terrorist,aero,Undirected,465,1,,1
terrorist,islam,Undirected,466,1,,1
terrorist,afghanistan,Undirected,467,1,,1
terrorist,isotope,Undirected,468,1,,1
terrorist,earth,Undirected,469,1,,1
terrorist,it_project,Undirected,470,1,,1
terrorist,research,Undirected,471,2,,2
terrorist,resources,Undirected,472,2,,2
terrorist,al-qaeda,Undirected,473,1,,1
terrorist,economic,Undirected,474,1,,1
terrorists,liberation,Undirected,475,1,,1
terrorists,cad,Undirected,476,1,,1
terrorists,wiki,Undirected,477,1,,1
terrorists,singularity,Undirected,478,1,,1
terrorists,wikipedia,Undirected,479,2,,2
terrorists,list,Undirected,480,1,,1
terrorists,guerilla,Undirected,481,1,,1
terrorists,guerrilla,Undirected,482,1,,1
terrorists,autonomous,Undirected,483,1,,1
terrorists,with,Undirected,484,1,,1
terrorists,activism,Undirected,485,1,,1
terrorists,acts,Undirected,486,1,,1
terrorists,counterterrorism,Undirected,487,1,,1
terrorists,reference,Undirected,488,1,,1
terrorists,isotope,Undirected,489,1,,1
terrorists,earth,Undirected,490,1,,1
terrorists,resources,Undirected,491,1,,1
terrorists,economic,Undirected,492,1,,1
@wikipedia,singularity,Undirected,493,1,,1
liberation,palestine,Undirected,494,1,,1
liberation,wiki,Undirected,495,1,,1
liberation,singularity,Undirected,496,1,,1
liberation,wikipedia,Undirected,497,2,,2
liberation,guerilla,Undirected,498,1,,1
liberation,guerrilla,Undirected,499,1,,1
liberation,autonomous,Undirected,500,1,,1
liberation,activism,Undirected,501,1,,1
liberation,counterterrorism,Undirected,502,1,,1
liberation,reference,Undirected,503,1,,1
liberation,isotope,Undirected,504,1,,1
liberation,israel,Undirected,505,1,,1
liberation,israel_palestine,Undirected,506,1,,1
liberation,earth,Undirected,507,1,,1
liberation,economic,Undirected,508,1,,1
library,counterterrorism,Undirected,509,1,,1
weekly,autonomous,Undirected,510,1,,1
buy,singularity,Undirected,511,1,,1
weird,autonomous,Undirected,512,1,,1
buzz,guerilla,Undirected,513,1,,1
life,singularity,Undirected,514,2,,2
sic,singularity,Undirected,515,1,,1
consciousness,singularity,Undirected,516,3,,3
_tobuy,singularity,Undirected,517,1,,1
_todo,singularity,Undirected,518,1,,1
_toread,singularity,Undirected,519,1,,1
theology,singularity,Undirected,520,1,,1
conspiracy,singularity,Undirected,521,1,,1
conspiracy,counterterrorism,Undirected,522,1,,1
innovation,singularity,Undirected,523,1,,1
theory,singularity,Undirected,524,2,,2
theory,isotope,Undirected,525,1,,1
famous,singularity,Undirected,526,1,,1
a-lire,singularity,Undirected,527,1,,1
constitution,counterterrorism,Undirected,528,1,,1
wiki,singularity,Undirected,529,9,,9
wiki,guerilla,Undirected,530,4,,4
wiki,guerrilla,Undirected,531,2,,2
wiki,autonomous,Undirected,532,1,,1
wiki,counterterrorism,Undirected,533,2,,2
wiki,isotope,Undirected,534,2,,2
wiki.article,singularity,Undirected,535,1,,1
radioactive,isotope,Undirected,536,1,,1
radioactivity,isotope,Undirected,537,1,,1
simulacra,singularity,Undirected,538,1,,1
contact,singularity,Undirected,539,1,,1
simulation,singularity,Undirected,540,2,,2
simulated,singularity,Undirected,541,1,,1
links,singularity,Undirected,542,1,,1
dns,autonomous,Undirected,543,1,,1
doc,autonomous,Undirected,544,1,,1
thinkers,singularity,Undirected,545,1,,1
green,guerilla,Undirected,546,1,,1
green,guerrilla,Undirected,547,1,,1
thinks,isotope,Undirected,548,1,,1
singularity,wikipedia,Undirected,549,13,,13
singularity,random,Undirected,550,1,,1
singularity,favorite,Undirected,551,1,,1
singularity,intelligence,Undirected,552,1,,1
singularity,literature,Undirected,553,2,,2
singularity,academic,Undirected,554,1,,1
singularity,time,Undirected,555,1,,1
singularity,cool,Undirected,556,3,,3
singularity,interesting,Undirected,557,3,,3
singularity,livrosquequeroler,Undirected,558,1,,1
singularity,groupthink,Undirected,559,1,,1
singularity,doomsday,Undirected,560,1,,1
singularity,author,Undirected,561,1,,1
singularity,read,Undirected,562,3,,3
singularity,multiversal,Undirected,563,1,,1
singularity,authors,Undirected,564,1,,1
singularity,guerilla,Undirected,565,1,,1
singularity,guerrilla,Undirected,566,1,,1
singularity,fiction,Undirected,567,1,,1
singularity,autonomous,Undirected,568,1,,1
singularity,readme,Undirected,569,1,,1
singularity,to-read,Undirected,570,1,,1
singularity,activism,Undirected,571,1,,1
singularity,reality,Undirected,572,1,,1
singularity,reason,Undirected,573,1,,1
singularity,to_read,Undirected,574,1,,1
singularity,cosmology,Undirected,575,1,,1
singularity,people,Undirected,576,4,,4
singularity,social,Undirected,577,1,,1
singularity,tobuy,Undirected,578,1,,1
singularity,inventor,Undirected,579,1,,1
singularity,counterterrorism,Undirected,580,1,,1
singularity,todo,Undirected,581,1,,1
singularity,additional,Undirected,582,1,,1
singularity,filosofia,Undirected,583,2,,2
singularity,wow,Undirected,584,1,,1
singularity,reference,Undirected,585,5,,5
singularity,sociology,Undirected,586,1,,1
singularity,writing,Undirected,587,3,,3
singularity,advanced,Undirected,588,1,,1
singularity,crazy,Undirected,589,1,,1
singularity,cdt-thesis,Undirected,590,1,,1
singularity,creative,Undirected,591,1,,1
singularity,creativity,Undirected,592,1,,1
singularity,mythology,Undirected,593,1,,1
singularity,religion,Undirected,594,4,,4
singularity,fix,Undirected,595,1,,1
singularity,center,Undirected,596,1,,1
singularity,isotope,Undirected,597,1,,1
singularity,philosophy,Undirected,598,6,,6
singularity,transhuman,Undirected,599,1,,1
singularity,earth,Undirected,600,1,,1
singularity,transhumanism,Undirected,601,3,,3
singularity,research,Undirected,602,4,,4
singularity,health,Undirected,603,1,,1
singularity,ai,Undirected,604,7,,7
singularity,space,Undirected,605,1,,1
singularity,economic,Undirected,606,1,,1
particles,isotope,Undirected,607,1,,1
wikipedia,guerilla,Undirected,608,4,,4
wikipedia,guerrilla,Undirected,609,2,,2
wikipedia,autonomous,Undirected,610,3,,3
wikipedia,counterterrorism,Undirected,611,2,,2
wikipedia,isotope,Undirected,612,3,,3
intelligence,counterterrorism,Undirected,613,1,,1
fbi,counterterrorism,Undirected,614,1,,1
wikipediapage,guerilla,Undirected,615,1,,1
car,autonomous,Undirected,616,1,,1
sla,guerilla,Undirected,617,1,,1
interesting,isotope,Undirected,618,1,,1
international,guerilla,Undirected,619,1,,1
internet,autonomous,Undirected,620,1,,1
internetculture,guerilla,Undirected,621,1,,1
guerilla,guerillagardening,Undirected,622,1,,1
guerilla,guerrilla,Undirected,623,2,,2
guerilla,guerrillagardening,Undirected,624,1,,1
guerilla,autonomous,Undirected,625,1,,1
guerilla,activism,Undirected,626,3,,3
guerilla,people,Undirected,627,1,,1
guerilla,social,Undirected,628,1,,1
guerilla,words,Undirected,629,1,,1
guerilla,counterterrorism,Undirected,630,1,,1
guerilla,reference,Undirected,631,2,,2
guerilla,advert,Undirected,632,1,,1
guerilla,advertising,Undirected,633,1,,1
guerilla,isotope,Undirected,634,1,,1
guerilla,earth,Undirected,635,1,,1
guerilla,agriculture,Undirected,636,1,,1
guerilla,research,Undirected,637,1,,1
guerilla,nature,Undirected,638,1,,1
guerilla,space,Undirected,639,1,,1
guerilla,eco,Undirected,640,1,,1
guerilla,ecology,Undirected,641,1,,1
guerilla,resources,Undirected,642,1,,1
guerilla,food,Undirected,643,1,,1
guerilla,economic,Undirected,644,1,,1
guerillagardening,guerrilla,Undirected,645,1,,1
guerrilla,guerrillagardening,Undirected,646,1,,1
guerrilla,autonomous,Undirected,647,1,,1
guerrilla,activism,Undirected,648,2,,2
guerrilla,people,Undirected,649,1,,1
guerrilla,social,Undirected,650,1,,1
guerrilla,counterterrorism,Undirected,651,1,,1
guerrilla,reference,Undirected,652,1,,1
guerrilla,isotope,Undirected,653,1,,1
guerrilla,earth,Undirected,654,1,,1
guerrilla,agriculture,Undirected,655,1,,1
guerrilla,nature,Undirected,656,1,,1
guerrilla,space,Undirected,657,1,,1
guerrilla,eco,Undirected,658,1,,1
guerrilla,ecology,Undirected,659,1,,1
guerrilla,food,Undirected,660,1,,1
guerrilla,economic,Undirected,661,1,,1
autonomous,cars,Undirected,662,1,,1
autonomous,activism,Undirected,663,1,,1
autonomous,counterterrorism,Undirected,664,1,,1
autonomous,ip,Undirected,665,1,,1
autonomous,reference,Undirected,666,1,,1
autonomous,mythesis,Undirected,667,1,,1
autonomous,religion,Undirected,668,1,,1
autonomous,isotope,Undirected,669,1,,1
autonomous,earth,Undirected,670,1,,1
autonomous,research,Undirected,671,1,,1
autonomous,challenge,Undirected,672,1,,1
autonomous,challenges,Undirected,673,1,,1
autonomous,ai,Undirected,674,1,,1
autonomous,soviet,Undirected,675,1,,1
autonomous,yiddish,Undirected,676,1,,1
autonomous,sovietunion,Undirected,677,1,,1
autonomous,economic,Undirected,678,1,,1
activism,counterterrorism,Undirected,679,2,,2
activism,isotope,Undirected,680,1,,1
reasearch,isotope,Undirected,681,1,,1
counter,counterterrorism,Undirected,682,1,,1
counterterrorism,wtf,Undirected,683,1,,1
counterterrorism,crime,Undirected,684,1,,1
counterterrorism,isotope,Undirected,685,1,,1
counterterrorism,earth,Undirected,686,1,,1
counterterrorism,economic,Undirected,687,1,,1
reference,isotope,Undirected,688,1,,1
island,isotope,Undirected,689,1,,1
isotope,earth,Undirected,690,1,,1
isotope,heavy,Undirected,691,1,,1
isotope,physics,Undirected,692,1,,1
isotope,economic,Undirected,693,1,,1
isotope,chart,Undirected,694,1,,1
